﻿--
-- Script was generated by Devart dbForge Studio for MySQL, Version 8.0.40.0
-- Product home page: http://www.devart.com/dbforge/mysql/studio
-- Script date 03/03/2021 17:10:10
-- Server version: 5.5.5-10.1.40-MariaDB
-- Client version: 4.1
--

-- 
-- Disable foreign keys
-- 
/*!40014 SET @OLD_FOREIGN_KEY_CHECKS=@@FOREIGN_KEY_CHECKS, FOREIGN_KEY_CHECKS=0 */;

-- 
-- Set SQL mode
-- 
/*!40101 SET @OLD_SQL_MODE=@@SQL_MODE, SQL_MODE='NO_AUTO_VALUE_ON_ZERO' */;

-- 
-- Set character set the client will use to send SQL statements to the server
--
SET NAMES 'utf8';

DROP DATABASE IF EXISTS ligalol;

CREATE DATABASE ligalol
CHARACTER SET latin1
COLLATE latin1_swedish_ci;

--
-- Set default database
--
USE ligalol;

--
-- Create table `partidos`
--
CREATE TABLE partidos (
  codigo_partido int(3) NOT NULL AUTO_INCREMENT,
  fase_jornada varchar(30) DEFAULT NULL,
  fecha date DEFAULT NULL,
  hora time DEFAULT NULL,
  PRIMARY KEY (codigo_partido)
)
ENGINE = INNODB,
AUTO_INCREMENT = 6,
AVG_ROW_LENGTH = 3276,
CHARACTER SET latin1,
COLLATE latin1_swedish_ci;

--
-- Create table `equipos`
--
CREATE TABLE equipos (
  codigo_equipo int(3) NOT NULL AUTO_INCREMENT,
  descripcion text DEFAULT NULL,
  nombre varchar(25) DEFAULT NULL,
  numero_integrantes int(2) DEFAULT NULL,
  PRIMARY KEY (codigo_equipo)
)
ENGINE = INNODB,
AUTO_INCREMENT = 11,
AVG_ROW_LENGTH = 1638,
CHARACTER SET latin1,
COLLATE latin1_swedish_ci;

--
-- Create table `redessocialese`
--
CREATE TABLE redessocialese (
  codigo_equipo int(3) NOT NULL,
  redes_sociales varchar(100) NOT NULL,
  PRIMARY KEY (codigo_equipo, redes_sociales)
)
ENGINE = INNODB,
AVG_ROW_LENGTH = 3276,
CHARACTER SET latin1,
COLLATE latin1_swedish_ci;

--
-- Create foreign key
--
ALTER TABLE redessocialese
ADD CONSTRAINT fk_equipo_redes FOREIGN KEY (codigo_equipo)
REFERENCES equipos (codigo_equipo);

--
-- Create table `patrocinadores`
--
CREATE TABLE patrocinadores (
  codigo_patrocidor int(3) NOT NULL AUTO_INCREMENT,
  nombre varchar(25) DEFAULT NULL,
  codigo_equipo int(3) NOT NULL,
  PRIMARY KEY (codigo_patrocidor, codigo_equipo)
)
ENGINE = INNODB,
AUTO_INCREMENT = 6,
AVG_ROW_LENGTH = 3276,
CHARACTER SET latin1,
COLLATE latin1_swedish_ci;

--
-- Create foreign key
--
ALTER TABLE patrocinadores
ADD CONSTRAINT fk_equipo_patrocinadores FOREIGN KEY (codigo_equipo)
REFERENCES equipos (codigo_equipo);

--
-- Create table `jugadores`
--
CREATE TABLE jugadores (
  codigo_jugador int(3) NOT NULL AUTO_INCREMENT,
  rol varchar(30) DEFAULT NULL,
  nombre varchar(25) DEFAULT NULL,
  nacionalidad varchar(30) DEFAULT NULL,
  descripcion text DEFAULT NULL,
  nick varchar(30) DEFAULT NULL,
  codigo_equipo int(3) DEFAULT NULL,
  PRIMARY KEY (codigo_jugador)
)
ENGINE = INNODB,
AUTO_INCREMENT = 6,
AVG_ROW_LENGTH = 3276,
CHARACTER SET latin1,
COLLATE latin1_swedish_ci;

--
-- Create foreign key
--
ALTER TABLE jugadores
ADD CONSTRAINT fk_jugador_equipo FOREIGN KEY (codigo_equipo)
REFERENCES equipos (codigo_equipo);

--
-- Create table `redessocialesj`
--
CREATE TABLE redessocialesj (
  codigo_jugador int(3) NOT NULL,
  redes_sociales varchar(100) NOT NULL,
  PRIMARY KEY (codigo_jugador, redes_sociales)
)
ENGINE = INNODB,
AVG_ROW_LENGTH = 3276,
CHARACTER SET latin1,
COLLATE latin1_swedish_ci;

--
-- Create foreign key
--
ALTER TABLE redessocialesj
ADD CONSTRAINT fk_jugador_redes FOREIGN KEY (codigo_jugador)
REFERENCES jugadores (codigo_jugador);

--
-- Create table `campeonesmasjugados`
--
CREATE TABLE campeonesmasjugados (
  codigo_jugador int(3) NOT NULL,
  campeones_mas_jugados varchar(100) NOT NULL,
  PRIMARY KEY (codigo_jugador, campeones_mas_jugados)
)
ENGINE = INNODB,
AVG_ROW_LENGTH = 3276,
CHARACTER SET latin1,
COLLATE latin1_swedish_ci;

--
-- Create foreign key
--
ALTER TABLE campeonesmasjugados
ADD CONSTRAINT fk_codejugador_campeon FOREIGN KEY (codigo_jugador)
REFERENCES jugadores (codigo_jugador);

--
-- Create table `juegan`
--
CREATE TABLE juegan (
  codigo_partido int(3) NOT NULL,
  codigo_equipo int(3) NOT NULL,
  heraldos_conseguidos int(1) DEFAULT NULL,
  nº_asesinatos int(3) DEFAULT NULL,
  barones_derrotados int(2) DEFAULT NULL,
  dragones_obtenidos int(2) DEFAULT NULL,
  inhibidores_destruidos int(1) DEFAULT NULL,
  destruccion_nexo tinyint(1) DEFAULT NULL,
  torres_destruidas int(2) DEFAULT NULL,
  oro_conseguido int(5) DEFAULT NULL,
  PRIMARY KEY (codigo_partido, codigo_equipo)
)
ENGINE = INNODB,
AVG_ROW_LENGTH = 3276,
CHARACTER SET latin1,
COLLATE latin1_swedish_ci;

--
-- Create index `uk_partido_equipo` on table `juegan`
--
ALTER TABLE juegan
ADD UNIQUE INDEX uk_partido_equipo (codigo_partido, codigo_equipo);

--
-- Create foreign key
--
ALTER TABLE juegan
ADD CONSTRAINT fk_equipo_juegan FOREIGN KEY (codigo_equipo)
REFERENCES equipos (codigo_equipo);

--
-- Create foreign key
--
ALTER TABLE juegan
ADD CONSTRAINT fk_partido_juegan FOREIGN KEY (codigo_partido)
REFERENCES partidos (codigo_partido);

--
-- Create table `picks`
--
CREATE TABLE picks (
  codigo_partido int(3) NOT NULL,
  codigo_equipo int(3) NOT NULL,
  picks varchar(100) NOT NULL,
  PRIMARY KEY (codigo_partido, codigo_equipo, picks)
)
ENGINE = INNODB,
AVG_ROW_LENGTH = 3276,
CHARACTER SET latin1,
COLLATE latin1_swedish_ci;

--
-- Create foreign key
--
ALTER TABLE picks
ADD CONSTRAINT fk_equipo_picks FOREIGN KEY (codigo_equipo)
REFERENCES juegan (codigo_equipo);

--
-- Create foreign key
--
ALTER TABLE picks
ADD CONSTRAINT fk_partido_picks FOREIGN KEY (codigo_partido)
REFERENCES juegan (codigo_partido);

--
-- Create table `bans`
--
CREATE TABLE bans (
  codigo_partido int(3) NOT NULL,
  codigo_equipo int(3) NOT NULL,
  bans varchar(100) NOT NULL,
  PRIMARY KEY (codigo_partido, codigo_equipo, bans)
)
ENGINE = INNODB,
AVG_ROW_LENGTH = 3276,
CHARACTER SET latin1,
COLLATE latin1_swedish_ci;

--
-- Create foreign key
--
ALTER TABLE bans
ADD CONSTRAINT fk_equipo_bans FOREIGN KEY (codigo_equipo)
REFERENCES juegan (codigo_equipo);

--
-- Create foreign key
--
ALTER TABLE bans
ADD CONSTRAINT fk_partido_bans FOREIGN KEY (codigo_partido)
REFERENCES juegan (codigo_partido);

--
-- Create table `entrenadores`
--
CREATE TABLE entrenadores (
  codigo_entrenador int(3) NOT NULL AUTO_INCREMENT,
  descripcion text DEFAULT NULL,
  alias varchar(25) DEFAULT NULL,
  nacionalidad varchar(30) DEFAULT NULL,
  edad int(2) DEFAULT NULL,
  codigo_equipo int(3) DEFAULT NULL,
  nombre varchar(25) DEFAULT NULL,
  PRIMARY KEY (codigo_entrenador)
)
ENGINE = INNODB,
AUTO_INCREMENT = 6,
AVG_ROW_LENGTH = 3276,
CHARACTER SET latin1,
COLLATE latin1_swedish_ci;

--
-- Create foreign key
--
ALTER TABLE entrenadores
ADD CONSTRAINT fk_equipo_entrenador FOREIGN KEY (codigo_equipo)
REFERENCES equipos (codigo_equipo);

-- 
-- Dumping data for table partidos
--
INSERT INTO partidos VALUES
(1, 'Jornada 1', '2021-01-10', '18:00:00'),
(2, 'Jornada 2', '2021-01-11', '19:00:00'),
(3, 'Jornada 3', '2021-01-12', '20:00:00'),
(4, 'Jornada 4', '2021-01-13', '21:00:00'),
(5, 'Jornada 5', '2021-01-14', '22:00:00');

-- 
-- Dumping data for table equipos
--
INSERT INTO equipos VALUES
(1, 'El Real Betis Balompié es una entidad polideportiva con sede en Sevilla, España fundada en septiembre de 1908 para la práctica del fútbol. Con más de un siglo de historia, en 2020 entra en el sector de los deportes electrónicos con su acuerdo con el club endémico Cream Esports, fundando una nueva sección dentro del club, denominada Cream Real Betis, donde compite en múltiples juegos y con gran presencial en ligas tanto españolas como latinoamericanas.', 'CREAM REAL BETIS', 8),
(2, 'G2 Esports y Arctic Gaming unen fuerzas en 2020 y competirán juntos en la Superliga, bajo el nombre de G2 Arctic. Los árticos, con sede en Granada, explotarán la marca del club samurái en España. El objetivo de ambas organizaciones es aunar a sus respectivos fans bajo un mismo nombre: el de G2 Arctic.', 'G2 ARCTIC', 7),
(3, 'Movistar Riders es uno de los principales clubes de eSports en España compitiendo en los juegos más populares como League of Legends o CSGO. Sus jugadores representan la marca Movistar Riders en múltiples torneos a nivel nacional e internacional. El Club tiene su sede en el Movistar eSports Center, en Matadero Madrid, un centro de alto rendimiento donde los jugadores y cuerpo técnico cuentan con los medios más avanzados para desarrollar su actividad al máximo nivel.', 'MOVISTAR RIDERS', 8),
(4, 'UCAM Esports Club nace de la incorporación del histórico Penguins dentro de la estructura deportiva de la institución universitaria. En una constante apuesta por la formación y la creación de nuevos talentos, se ha desarrollado un proyecto que aspira a todo en la escena competitiva de los esports en España.', 'UCAM ESPORTS CLUB', 11),
(5, 'BCN Squad aterriza en la Grieta como un club de esports con un contexto nuevo, estructurado y orientado al rendimiento. Actualmente solo tienen una cosa en mente: ser aspirante a campeón de la Superliga.', 'BCN SQUAD', 8),
(6, 'S2V Esports ya cuenta con un año de trayectoria desde su rebranding. Tras consagrarse como una de las principales desarrolladoras de talento nacional en 2019, la organización ha apostado por una combinación de juventud y veteranía para esta nueva temporada de Superliga.', 'S2V ESPORTS', 9),
(7, 'Team Queso se forjó como un club centrado en mobile gaming, labrándose un nombre y configurando una de las marcas más potentes de España en este sector. A finales de 2018 dio el salto a otras plataformas con su entrada en la Superliga de CS:GO, y en 2019 inició su aventura en las competiciones de League of Legends.', 'TEAM QUESO', 8),
(8, 'Giants es el club más laureado del panorama español. También es uno de los más veteranos, y ha formado parte de las competiciones de Liga de Videojuegos Profesional desde prácticamente sus inicios. Cinco FinalCup en Call of Duty y seis en League of Legends son, entre muchos otros, los éxitos que ha cosechado el club malagueño a lo largo de su historia. Su más reciente título: la Superliga de primavera 2020 con su roster de ensueño.', 'VODAFONE GIANTS', 9),
(9, 'eMonkeyz Club es uno de los equipos históricos de la competición nacional. Con la misión de dar la sorpresa cada temporada, los monos afrontan un nuevo reto. Bienvenidos a la jungla.', 'EMONKEYZ CLUB', 8),
(10, 'MAD Lions es un club de eSports fundado en julio de 2017. En mayo de 2019, el club fue adquirido por Overactive Media, lo que supuso un gran hito en su historia. Ahora, los leones disputan la máxima competición europea (LEC), y la Superliga bajo la denominación de MAD Lions Madrid. Además, MAD Lions ya cuenta con cuatro trofeos de League of Legends en sus vitrinas: dos Superliga y dos Iberian Cup.', 'MAD LIONS MADRID', 6);

-- 
-- Dumping data for table jugadores
--
INSERT INTO jugadores VALUES
(1, 'Top', 'Pepe', 'Ucraniana', 'No tiene', '1a\r\n', 1),
(2, 'Adc', 'Manolo', 'Ucraniana', 'No tiene', 'b2', 2),
(3, 'Sup', 'Asdruval', 'Ucraniana', 'No tiene', '3c\r\n', 3),
(4, 'Jgl', 'Duxantos', 'Ucraniana', 'No tiene', 'd4\r\n', 4),
(5, 'Mid', 'Alfredo', 'Ucraniana', 'No tiene', '5r', 5);

-- 
-- Dumping data for table juegan
--
INSERT INTO juegan VALUES
(1, 1, 1, 20, 1, 4, 3, 0, 7, 50000),
(2, 2, 2, 5, 1, 3, 1, 0, 8, 60000),
(3, 3, 1, 40, 1, 3, 2, 0, 9, 35000),
(4, 4, 2, 16, 1, 5, 1, 0, 10, 80000),
(5, 5, 1, 17, 1, 2, 3, 0, 11, 34000);

-- 
-- Dumping data for table redessocialesj
--
INSERT INTO redessocialesj VALUES
(1, 'Proximamente'),
(2, 'Proximamente'),
(3, 'Proximamente'),
(4, 'Proximamente'),
(5, 'Proximamente');

-- 
-- Dumping data for table redessocialese
--
INSERT INTO redessocialese VALUES
(1, 'Proximamente'),
(2, 'Proximamente'),
(3, 'Proximamente'),
(4, 'Proximamente'),
(5, 'Proximamente');

-- 
-- Dumping data for table picks
--
INSERT INTO picks VALUES
(1, 1, 'Tristana, Katarina, Alistar, Garen, Pyke'),
(2, 2, 'Darius, Nami, Talon, Yasuo, Sivir'),
(3, 3, 'Ornn, Rengar, Zed, Xayah, Senna'),
(4, 4, 'Rell, Lucian, Thresh, Gragas, Renekton'),
(5, 5, 'Nasus, Graves, Diana, Lee Sin, Nautilus');

-- 
-- Dumping data for table patrocinadores
--
INSERT INTO patrocinadores VALUES
(1, 'KitKat', 1),
(2, 'Monster', 2),
(3, 'RedBull', 3),
(4, 'Xiaomi', 4),
(5, 'Corsair', 5);

-- 
-- Dumping data for table entrenadores
--
INSERT INTO entrenadores VALUES
(1, 'No tiene', 'a_a', 'Andorrana', 23, 1, 'Samuel'),
(2, 'No tiene', 'e_E', 'Andorrana', 24, 2, 'Rafa'),
(3, 'No tiene', '7u7', 'Andorrana', 25, 3, 'Lucrecio'),
(4, 'No tiene', 'o_O', 'Andorrana', 26, 4, 'Eusebio'),
(5, 'No tiene', 'I-I', 'Andorrana', 27, 5, 'Pedro');

-- 
-- Dumping data for table campeonesmasjugados
--
INSERT INTO campeonesmasjugados VALUES
(1, 'Tristana, Katarina'),
(2, 'Garen, Nasus'),
(3, 'Graves, Aatrox'),
(4, 'Nami, Pyke'),
(5, 'Jhin, Ashe');

-- 
-- Dumping data for table bans
--
INSERT INTO bans VALUES
(1, 1, 'Tristana, Katarina, Alistar, Garen, Pyke'),
(2, 2, 'Darius, Nami, Talon, Yasuo, Sivir'),
(3, 3, 'Ornn, Rengar, Zed, Xayah, Senna'),
(4, 4, 'Rell, Lucian, Thresh, Gragas, Renekton'),
(5, 5, 'Nasus, Graves, Diana, Lee Sin, Nautilus');

-- 
-- Restore previous SQL mode
-- 
/*!40101 SET SQL_MODE=@OLD_SQL_MODE */;

-- 
-- Enable foreign keys
-- 
/*!40014 SET FOREIGN_KEY_CHECKS = @OLD_FOREIGN_KEY_CHECKS */;